{
  "safe_blocks_to_replace": [
    "minecraft:stone",
    "minecraft:cobblestone",
    "minecraft:mossy_cobblestone",
    "minecraft:andesite",
    "minecraft:diorite",
    "minecraft:granite",
    "minecraft:deepslate",
    "minecraft:cobbled_deepslate",
    "minecraft:tuff",
    "minecraft:calcite",
    "minecraft:dirt",
    "minecraft:coarse_dirt",
    "minecraft:rooted_dirt",
    "minecraft:podzol",
    "minecraft:mycelium",
    "minecraft:grass_block",
    "minecraft:dirt_path",
    "minecraft:farmland",
    "minecraft:mud",
    "minecraft:muddy_mangrove_roots",
    "minecraft:sand",
    "minecraft:red_sand",
    "minecraft:gravel",
    "minecraft:sandstone",
    "minecraft:red_sandstone",
    "minecraft:clay",
    "minecraft:netherrack",
    "minecraft:blackstone",
    "minecraft:basalt",
    "minecraft:smooth_basalt",
    "minecraft:end_stone"
  ],
  "radius": 1,
  "consume_resources": false,
  "overworld_only": true,
  "show_highlight": true,
  "messy_edge_extension": 2,
  "circle_shape": false,
  "vegetation_density": "VERY_HIGH",
  "description": "Configuration for Naturalization Staff behavior",
  "safe_blocks_description": "List of blocks that can be safely replaced. Use minecraft:block_name format.",
  "radius_description": "Horizontal radius of effect (1-10 blocks)",
  "consume_resources_description": "If true, requires dirt/stone/sand in inventory to naturalize terrain",
  "overworld_only_description": "If true, staff only works in the Overworld dimension",
  "show_highlight_description": "If true, shows visual outline of affected area when holding staff",
  "messy_edge_extension_description": "Blocks beyond radius for messy edge (0-3, 0\u003ddisabled)",
  "circle_shape_description": "If true, uses circular area. If false, uses square area",
  "vegetation_density_description": "Vegetation density: NONE, LOW (2.5%), MEDIUM (7.5%), HIGH (15%), VERY_HIGH (30%)"
}